collected,name,count,uniques
2026-10-05,/sarangambekar1997/data-engineering-handbook,19,11
2026-10-05,/sarangambekar1997/data-engineering-handbook/pulls,7,2
2026-10-05,/sarangambekar1997/data-engineering-handbook/tree/main/labs,3,3
2026-10-05,/sarangambekar1997/data-engineering-handbook/issues/20,3,2
2026-10-05,/sarangambekar1997/data-engineering-handbook/issues/21,3,2
2026-10-05,/sarangambekar1997/data-engineering-handbook/agents,3,1
2026-10-05,/sarangambekar1997/data-engineering-handbook/tree/main/labs/10-cdc-debezium,2,2
2026-10-05,/sarangambekar1997/data-engineering-handbook/blob/main/docs/00-foundations/linux-bash.md,2,1
2026-10-05,/sarangambekar1997/data-engineering-handbook/pull/33,2,1
2026-10-05,/sarangambekar1997/data-engineering-handbook/actions/runs/36445359900,1,1
